Roi,Fast Period,Slow Period,high & low Period,high & low Error,Gain Value
0.01810168000000001,5,11,16,0.3,3.0
0.023877680000000158,5,11,16,0.3,3.5
